/content/valid/b63047d79767cb3e5b6a9b98be8e5346_jpg.rf.19353c0259cf8f8873988adfc653c806.jpg,3,40,48,59
/content/valid/b63047d79767cb3e5b6a9b98be8e5346_jpg.rf.19353c0259cf8f8873988adfc653c806.jpg,6,359,41,375
/content/valid/286810eae95d71ce7d7deaee75daafc6_jpg.rf.1d7d4267c13f7e3900b6716d5417cb1c.jpg,4,16,37,39
/content/valid/286810eae95d71ce7d7deaee75daafc6_jpg.rf.1d7d4267c13f7e3900b6716d5417cb1c.jpg,0,15,47,48
/content/valid/286810eae95d71ce7d7deaee75daafc6_jpg.rf.1d7d4267c13f7e3900b6716d5417cb1c.jpg,10,0,36,49
/content/valid/832841f985b8de18f3c58cdd86676eb7_jpg.rf.38999405468a0220f6edf8ca58f481f7.jpg,13,219,82,238
/content/valid/832841f985b8de18f3c58cdd86676eb7_jpg.rf.38999405468a0220f6edf8ca58f481f7.jpg,16,219,56,236
/content/valid/832841f985b8de18f3c58cdd86676eb7_jpg.rf.38999405468a0220f6edf8ca58f481f7.jpg,43,220,89,234
/content/valid/832841f985b8de18f3c58cdd86676eb7_jpg.rf.38999405468a0220f6edf8ca58f481f7.jpg,32,207,63,251
/content/valid/b35e05b9e6c84fe5cbcfe4fbc7f7ddbd_jpg.rf.0665d64c871902503a3598edde7c697f.jpg,17,175,59,190
/content/valid/b35e05b9e6c84fe5cbcfe4fbc7f7ddbd_jpg.rf.0665d64c871902503a3598edde7c697f.jpg,36,11,71,25
/content/valid/b35e05b9e6c84fe5cbcfe4fbc7f7ddbd_jpg.rf.0665d64c871902503a3598edde7c697f.jpg,41,65,62,81
/content/valid/b35e05b9e6c84fe5cbcfe4fbc7f7ddbd_jpg.rf.0665d64c871902503a3598edde7c697f.jpg,25,277,57,291
/content/valid/b35e05b9e6c84fe5cbcfe4fbc7f7ddbd_jpg.rf.0665d64c871902503a3598edde7c697f.jpg,14,176,71,198
/content/valid/b35e05b9e6c84fe5cbcfe4fbc7f7ddbd_jpg.rf.0665d64c871902503a3598edde7c697f.jpg,22,231,52,244
/content/valid/b35e05b9e6c84fe5cbcfe4fbc7f7ddbd_jpg.rf.0665d64c871902503a3598edde7c697f.jpg,23,342,53,356
/content/valid/98225feb400914bab547692929f70b70_jpg.rf.20352a4463c8f0026e02dde6e2ecb1b8.jpg,23,232,74,246
/content/valid/98225feb400914bab547692929f70b70_jpg.rf.20352a4463c8f0026e02dde6e2ecb1b8.jpg,51,8,77,22
/content/valid/73509fc5c9470441a6b185dcd1eadb79_jpg.rf.1f74a19249d3cdd8966023621f123641.jpg,20,32,85,51
/content/valid/DM21345_pdf_0_jpg.rf.08abeb9afe1e69f89e661d3003fdabbc.jpg,29,221,70,236
/content/valid/DM21345_pdf_0_jpg.rf.08abeb9afe1e69f89e661d3003fdabbc.jpg,34,345,67,362
/content/valid/DM21345_pdf_0_jpg.rf.08abeb9afe1e69f89e661d3003fdabbc.jpg,31,134,67,148
/content/valid/DM21345_pdf_0_jpg.rf.08abeb9afe1e69f89e661d3003fdabbc.jpg,29,94,66,108
/content/valid/DM21345_pdf_0_jpg.rf.08abeb9afe1e69f89e661d3003fdabbc.jpg,20,126,76,147
/content/valid/b9b48cbd0407f490f92de7539e0bceb9_jpg.rf.397c1a0970c6b794f79ff37d9e277edd.jpg,27,15,67,29
/content/valid/b9b48cbd0407f490f92de7539e0bceb9_jpg.rf.397c1a0970c6b794f79ff37d9e277edd.jpg,24,14,84,34
/content/valid/DM21379_pdf_4_jpg.rf.36ef5f0d891897cd9ff94a61b5b08809.jpg,6,24,38,46
/content/valid/DM21379_pdf_4_jpg.rf.36ef5f0d891897cd9ff94a61b5b08809.jpg,0,22,48,54
/content/valid/DM21379_pdf_4_jpg.rf.36ef5f0d891897cd9ff94a61b5b08809.jpg,7,10,35,54
/content/valid/DM21340_pdf_0_jpg.rf.1e97fa3010e69dbe356958e77359f015.jpg,30,103,64,123
/content/valid/DM21340_pdf_0_jpg.rf.1e97fa3010e69dbe356958e77359f015.jpg,24,223,60,237
/content/valid/DM21340_pdf_0_jpg.rf.1e97fa3010e69dbe356958e77359f015.jpg,36,108,74,125
/content/valid/DM21340_pdf_0_jpg.rf.1e97fa3010e69dbe356958e77359f015.jpg,33,97,61,133
/content/valid/DM21340_pdf_0_jpg.rf.1e97fa3010e69dbe356958e77359f015.jpg,41,102,60,127
/content/valid/DM21340_pdf_0_jpg.rf.1e97fa3010e69dbe356958e77359f015.jpg,22,101,81,130
/content/valid/DM21335_pdf_3_jpg.rf.2bf2a830f37f02eefe908b2e52ff3203.jpg,24,30,56,54
/content/valid/DM21335_pdf_3_jpg.rf.2bf2a830f37f02eefe908b2e52ff3203.jpg,15,27,66,58
/content/valid/DM21375_pdf_2_jpg.rf.1785ab7401481e27628690e93eddf492.jpg,13,292,52,306
/content/valid/DM21375_pdf_2_jpg.rf.1785ab7401481e27628690e93eddf492.jpg,13,220,42,244
/content/valid/DM21375_pdf_2_jpg.rf.1785ab7401481e27628690e93eddf492.jpg,16,209,41,254
/content/valid/975701027e78b69faf3c9db6013818c4_jpg.rf.05382b2263b2be504a940c09634cbcf8.jpg,1,70,43,85
/content/valid/975701027e78b69faf3c9db6013818c4_jpg.rf.05382b2263b2be504a940c09634cbcf8.jpg,0,14,44,31
/content/valid/975701027e78b69faf3c9db6013818c4_jpg.rf.05382b2263b2be504a940c09634cbcf8.jpg,8,70,69,86
/content/valid/975701027e78b69faf3c9db6013818c4_jpg.rf.05382b2263b2be504a940c09634cbcf8.jpg,7,13,68,32
/content/valid/975701027e78b69faf3c9db6013818c4_jpg.rf.05382b2263b2be504a940c09634cbcf8.jpg,6,64,51,90
/content/valid/975701027e78b69faf3c9db6013818c4_jpg.rf.05382b2263b2be504a940c09634cbcf8.jpg,5,9,49,37
/content/valid/975701027e78b69faf3c9db6013818c4_jpg.rf.05382b2263b2be504a940c09634cbcf8.jpg,21,2,50,49
/content/valid/bd9cddff89c909926f380c6bd40fb85b_jpg.rf.50ef8d7d4ed3c6c9786ffbe84a65fb92.jpg,31,264,78,285
/content/valid/bd9cddff89c909926f380c6bd40fb85b_jpg.rf.50ef8d7d4ed3c6c9786ffbe84a65fb92.jpg,27,350,71,368
/content/valid/bd9cddff89c909926f380c6bd40fb85b_jpg.rf.50ef8d7d4ed3c6c9786ffbe84a65fb92.jpg,21,346,89,367
/content/valid/bd9cddff89c909926f380c6bd40fb85b_jpg.rf.50ef8d7d4ed3c6c9786ffbe84a65fb92.jpg,35,253,66,295
/content/valid/bd9cddff89c909926f380c6bd40fb85b_jpg.rf.50ef8d7d4ed3c6c9786ffbe84a65fb92.jpg,26,270,80,293
/content/valid/DM21332_pdf_3_jpg.rf.31a81387866dc582d8ee665505e14d16.jpg,28,19,67,35
/content/valid/DM21332_pdf_3_jpg.rf.31a81387866dc582d8ee665505e14d16.jpg,22,17,83,37
/content/valid/DM21338_pdf_0_jpg.rf.235c787fd9f723a4c0a7fcd7c78248a2.jpg,12,275,47,288
/content/valid/DM21338_pdf_0_jpg.rf.235c787fd9f723a4c0a7fcd7c78248a2.jpg,22,107,55,121
/content/valid/DM21338_pdf_0_jpg.rf.235c787fd9f723a4c0a7fcd7c78248a2.jpg,38,149,62,161
/content/valid/DM21346_pdf_1_jpg.rf.0f3345719b9ae190beca5523f74f4c79.jpg,21,145,57,159
/content/valid/DM21346_pdf_1_jpg.rf.0f3345719b9ae190beca5523f74f4c79.jpg,10,148,50,161
/content/valid/DM21346_pdf_1_jpg.rf.0f3345719b9ae190beca5523f74f4c79.jpg,31,146,61,163
/content/valid/16562fb601b9c4c4fe07b24f92f466dc_jpg.rf.51d1336f54ffaaa84867884c4b0e97e3.jpg,66,4,105,19
/content/valid/16562fb601b9c4c4fe07b24f92f466dc_jpg.rf.51d1336f54ffaaa84867884c4b0e97e3.jpg,43,160,83,176
/content/valid/16562fb601b9c4c4fe07b24f92f466dc_jpg.rf.51d1336f54ffaaa84867884c4b0e97e3.jpg,36,156,108,177
/content/valid/a188c1b1d2b010c6076f9cc50444432a_jpg.rf.55536f608790ab1c04f74211f7e069ae.jpg,17,11,51,25
/content/valid/a188c1b1d2b010c6076f9cc50444432a_jpg.rf.55536f608790ab1c04f74211f7e069ae.jpg,26,10,44,30
/content/valid/aee48f0b7e58a5e406d4b6e9341b34c8_jpg.rf.58a7a669959cadb9b42093a612acaad3.jpg,21,46,71,64
/content/valid/DM21350_pdf_2_jpg.rf.1bc9ffecc0f05b8f9274742faebbdb70.jpg,15,170,62,186
/content/valid/DM21350_pdf_2_jpg.rf.1bc9ffecc0f05b8f9274742faebbdb70.jpg,5,379,70,396
/content/valid/DM21350_pdf_2_jpg.rf.1bc9ffecc0f05b8f9274742faebbdb70.jpg,11,167,87,188
/content/valid/DM21350_pdf_2_jpg.rf.1bc9ffecc0f05b8f9274742faebbdb70.jpg,13,166,56,194
/content/valid/DM21347_pdf_0_jpg.rf.0ebec8aa3d3f672a6068cb411482f249.jpg,25,101,78,119
/content/valid/DM21347_pdf_0_jpg.rf.0ebec8aa3d3f672a6068cb411482f249.jpg,16,276,87,295
/content/valid/DM21347_pdf_0_jpg.rf.0ebec8aa3d3f672a6068cb411482f249.jpg,10,266,86,289
/content/valid/DM21347_pdf_0_jpg.rf.0ebec8aa3d3f672a6068cb411482f249.jpg,12,258,82,279
/content/valid/DM21347_pdf_0_jpg.rf.0ebec8aa3d3f672a6068cb411482f249.jpg,8,244,82,263
/content/valid/DM21347_pdf_0_jpg.rf.0ebec8aa3d3f672a6068cb411482f249.jpg,14,245,56,261
/content/valid/DM21347_pdf_0_jpg.rf.0ebec8aa3d3f672a6068cb411482f249.jpg,12,250,80,270
/content/valid/DM21347_pdf_0_jpg.rf.0ebec8aa3d3f672a6068cb411482f249.jpg,17,262,62,292
/content/valid/DM21347_pdf_0_jpg.rf.0ebec8aa3d3f672a6068cb411482f249.jpg,24,100,60,115
/content/valid/DM21347_pdf_0_jpg.rf.0ebec8aa3d3f672a6068cb411482f249.jpg,41,279,83,293
/content/valid/DM21347_pdf_0_jpg.rf.0ebec8aa3d3f672a6068cb411482f249.jpg,56,151,80,163
/content/valid/DM21347_pdf_0_jpg.rf.0ebec8aa3d3f672a6068cb411482f249.jpg,32,252,63,297
/content/valid/DM21347_pdf_0_jpg.rf.0ebec8aa3d3f672a6068cb411482f249.jpg,14,274,53,292
/content/valid/DM21347_pdf_0_jpg.rf.0ebec8aa3d3f672a6068cb411482f249.jpg,41,246,70,292
/content/valid/DM21347_pdf_0_jpg.rf.0ebec8aa3d3f672a6068cb411482f249.jpg,19,100,89,127
/content/valid/DM21347_pdf_0_jpg.rf.0ebec8aa3d3f672a6068cb411482f249.jpg,12,253,54,286
/content/valid/DM21339_pdf_1_jpg.rf.3a7f7121f39106221facf61d957331d1.jpg,26,174,60,196
/content/valid/DM21339_pdf_1_jpg.rf.3a7f7121f39106221facf61d957331d1.jpg,27,61,57,76
/content/valid/DM21339_pdf_1_jpg.rf.3a7f7121f39106221facf61d957331d1.jpg,28,309,55,325
/content/valid/DM21339_pdf_1_jpg.rf.3a7f7121f39106221facf61d957331d1.jpg,36,60,54,81
/content/valid/DM334_pdf_2_jpg.rf.44dca772e355cf87e905bd0ada910286.jpg,2,40,36,56
/content/valid/DM334_pdf_2_jpg.rf.44dca772e355cf87e905bd0ada910286.jpg,0,298,20,312
/content/valid/DM334_pdf_2_jpg.rf.44dca772e355cf87e905bd0ada910286.jpg,0,37,51,60
/content/valid/DM334_pdf_2_jpg.rf.44dca772e355cf87e905bd0ada910286.jpg,10,37,29,59
/content/valid/CG21230_pdf_4_jpg.rf.4b19f8e3d552fa3b3de06cabda489431.jpg,7,177,40,195
/content/valid/CG21230_pdf_4_jpg.rf.4b19f8e3d552fa3b3de06cabda489431.jpg,15,175,34,198
/content/valid/753b1d6c9d8ae03f8f368c26aa4e01a8_jpg.rf.41098853727ecbae59c5fabb22760812.jpg,34,12,74,28
/content/valid/753b1d6c9d8ae03f8f368c26aa4e01a8_jpg.rf.41098853727ecbae59c5fabb22760812.jpg,35,254,71,270
/content/valid/753b1d6c9d8ae03f8f368c26aa4e01a8_jpg.rf.41098853727ecbae59c5fabb22760812.jpg,36,253,92,272
/content/valid/753b1d6c9d8ae03f8f368c26aa4e01a8_jpg.rf.41098853727ecbae59c5fabb22760812.jpg,31,8,95,28
/content/valid/DM21316_pdf_1_jpg.rf.36e083e40272b2bf935e13aeea40e80a.jpg,10,193,59,210
/content/valid/DM21316_pdf_1_jpg.rf.36e083e40272b2bf935e13aeea40e80a.jpg,34,249,64,268
/content/valid/DM21316_pdf_1_jpg.rf.36e083e40272b2bf935e13aeea40e80a.jpg,32,340,60,356
/content/valid/DM21316_pdf_1_jpg.rf.36e083e40272b2bf935e13aeea40e80a.jpg,38,18,64,33
/content/valid/DM21316_pdf_1_jpg.rf.36e083e40272b2bf935e13aeea40e80a.jpg,3,189,70,215
/content/valid/DM21316_pdf_1_jpg.rf.36e083e40272b2bf935e13aeea40e80a.jpg,23,246,73,269
/content/valid/DM21316_pdf_1_jpg.rf.36e083e40272b2bf935e13aeea40e80a.jpg,40,8,65,44
/content/valid/CH21234_pdf_0_jpg.rf.17d601bed509c534798547c42c3fce80.jpg,16,99,52,114
/content/valid/CH21234_pdf_0_jpg.rf.17d601bed509c534798547c42c3fce80.jpg,10,95,67,117
/content/valid/12703b690916d2e0d56ca4f32788b109_jpg.rf.4673f60553882d4ba6ff74979c868674.jpg,24,91,57,107
/content/valid/12703b690916d2e0d56ca4f32788b109_jpg.rf.4673f60553882d4ba6ff74979c868674.jpg,33,334,62,348
/content/valid/12703b690916d2e0d56ca4f32788b109_jpg.rf.4673f60553882d4ba6ff74979c868674.jpg,35,136,58,151
/content/valid/12703b690916d2e0d56ca4f32788b109_jpg.rf.4673f60553882d4ba6ff74979c868674.jpg,31,88,50,111
/content/valid/12703b690916d2e0d56ca4f32788b109_jpg.rf.4673f60553882d4ba6ff74979c868674.jpg,37,130,58,158
/content/valid/DM21340_pdf_4_jpg.rf.52e7ec96324b2dd704402cd62d55776f.jpg,8,158,37,183
/content/valid/DM21342_pdf_0_jpg.rf.5691fbc8affc1a725d5138609b9fda20.jpg,54,290,84,302
/content/valid/DM21342_pdf_0_jpg.rf.5691fbc8affc1a725d5138609b9fda20.jpg,51,115,77,128
/content/valid/a604517ac50208e5775e2391c4a0708b_jpg.rf.3afe34db9d4c612ab54a1e0e84c90ce1.jpg,5,3,37,17
/content/valid/00806d76b22f2eba3fdf11ca33b9a04b_jpg.rf.5de66e2c1acac7e10ed10cb8ada6c695.jpg,17,25,63,40
/content/valid/00806d76b22f2eba3fdf11ca33b9a04b_jpg.rf.5de66e2c1acac7e10ed10cb8ada6c695.jpg,7,20,74,38
/content/valid/DM21339_pdf_4_jpg.rf.50073495818c4a46aee7646a6d197ded.jpg,18,119,50,143
/content/valid/DM21339_pdf_4_jpg.rf.50073495818c4a46aee7646a6d197ded.jpg,10,118,60,151
/content/valid/89822181cee2aa463d2b2645b9b92b08_jpg.rf.54aa221a3d1c01e19b3e8ea941aca966.jpg,32,73,68,88
/content/valid/89822181cee2aa463d2b2645b9b92b08_jpg.rf.54aa221a3d1c01e19b3e8ea941aca966.jpg,29,151,64,166
/content/valid/89822181cee2aa463d2b2645b9b92b08_jpg.rf.54aa221a3d1c01e19b3e8ea941aca966.jpg,30,208,60,220
/content/valid/89822181cee2aa463d2b2645b9b92b08_jpg.rf.54aa221a3d1c01e19b3e8ea941aca966.jpg,27,71,82,91
/content/valid/89822181cee2aa463d2b2645b9b92b08_jpg.rf.54aa221a3d1c01e19b3e8ea941aca966.jpg,37,148,56,170
/content/valid/b6cf9e2a4acde1153e5671dc351a0d0a_jpg.rf.7e4fbee93620f6df0d0deff835b54f8d.jpg,44,9,83,27
/content/valid/b6cf9e2a4acde1153e5671dc351a0d0a_jpg.rf.7e4fbee93620f6df0d0deff835b54f8d.jpg,46,111,67,127
/content/valid/b6cf9e2a4acde1153e5671dc351a0d0a_jpg.rf.7e4fbee93620f6df0d0deff835b54f8d.jpg,37,6,97,32
/content/valid/c6f332fb716bfd52bdb75f7be8e1caf3_jpg.rf.624fa7cd8030dd21c763642f2f0cad19.jpg,13,4,44,17
/content/valid/DM21350_pdf_6_jpg.rf.5f7eb4558894d2f452d9bd2b0cea35e7.jpg,1,142,52,158
/content/valid/DM21350_pdf_6_jpg.rf.5f7eb4558894d2f452d9bd2b0cea35e7.jpg,0,140,68,166
/content/valid/DM21379_pdf_3_jpg.rf.621cb466a1ffece45f1fc7ec2d9c8c70.jpg,31,253,65,278
/content/valid/DM21379_pdf_3_jpg.rf.621cb466a1ffece45f1fc7ec2d9c8c70.jpg,28,17,69,43
/content/valid/DM21379_pdf_3_jpg.rf.621cb466a1ffece45f1fc7ec2d9c8c70.jpg,33,8,62,50
/content/valid/DM21379_pdf_3_jpg.rf.621cb466a1ffece45f1fc7ec2d9c8c70.jpg,19,253,73,286
/content/valid/DM21328_1_pdf_5_jpg.rf.4f150a40bcff65b45f662cdcb64246c4.jpg,8,76,47,89
/content/valid/DM21328_1_pdf_5_jpg.rf.4f150a40bcff65b45f662cdcb64246c4.jpg,6,318,38,338
/content/valid/DM21328_1_pdf_5_jpg.rf.4f150a40bcff65b45f662cdcb64246c4.jpg,7,310,37,348
/content/valid/DM21328_1_pdf_5_jpg.rf.4f150a40bcff65b45f662cdcb64246c4.jpg,0,320,46,345
/content/valid/DM21328_1_pdf_5_jpg.rf.4f150a40bcff65b45f662cdcb64246c4.jpg,4,72,61,92
/content/valid/836c882c8ca2dd0e1f820d3a97f4758f_jpg.rf.40e5d8054efe2b4277883cb45e0dea54.jpg,41,11,69,28
/content/valid/836c882c8ca2dd0e1f820d3a97f4758f_jpg.rf.40e5d8054efe2b4277883cb45e0dea54.jpg,28,133,64,147
/content/valid/836c882c8ca2dd0e1f820d3a97f4758f_jpg.rf.40e5d8054efe2b4277883cb45e0dea54.jpg,27,330,68,346
/content/valid/836c882c8ca2dd0e1f820d3a97f4758f_jpg.rf.40e5d8054efe2b4277883cb45e0dea54.jpg,32,8,84,29
/content/valid/836c882c8ca2dd0e1f820d3a97f4758f_jpg.rf.40e5d8054efe2b4277883cb45e0dea54.jpg,33,266,82,285
/content/valid/DM334_pdf_3_jpg.rf.656f1961b3a4d0ddf097e3b9c9835c0d.jpg,4,329,44,346
/content/valid/DM334_pdf_3_jpg.rf.656f1961b3a4d0ddf097e3b9c9835c0d.jpg,16,101,69,119
/content/valid/DM334_pdf_3_jpg.rf.656f1961b3a4d0ddf097e3b9c9835c0d.jpg,0,13,23,31
/content/valid/DM334_pdf_3_jpg.rf.656f1961b3a4d0ddf097e3b9c9835c0d.jpg,0,329,54,355
/content/valid/DM21320_pdf_1_jpg.rf.6390129f13481ef9e68b3bf349b06e21.jpg,28,25,66,43
/content/valid/DM21320_pdf_1_jpg.rf.6390129f13481ef9e68b3bf349b06e21.jpg,19,22,80,49
/content/valid/b4da1688e881a2006f8337dae95b481e_jpg.rf.912a93af5f5024bd67b641c873280533.jpg,0,0,31,14
/content/valid/1857f69000a75288f2710977b296bf58_jpg.rf.92116d519950b306a24cd4893824a2f6.jpg,12,153,51,178
/content/valid/1857f69000a75288f2710977b296bf58_jpg.rf.92116d519950b306a24cd4893824a2f6.jpg,21,143,50,187
/content/valid/9751d934815b760bf40dba9bc91188d7_jpg.rf.96a71728d41986986a265a55bed25f0e.jpg,17,73,55,95
/content/valid/9751d934815b760bf40dba9bc91188d7_jpg.rf.96a71728d41986986a265a55bed25f0e.jpg,14,303,48,318
/content/valid/9751d934815b760bf40dba9bc91188d7_jpg.rf.96a71728d41986986a265a55bed25f0e.jpg,31,256,57,272
/content/valid/9751d934815b760bf40dba9bc91188d7_jpg.rf.96a71728d41986986a265a55bed25f0e.jpg,12,78,66,100
/content/valid/9751d934815b760bf40dba9bc91188d7_jpg.rf.96a71728d41986986a265a55bed25f0e.jpg,10,301,66,320
/content/valid/9751d934815b760bf40dba9bc91188d7_jpg.rf.96a71728d41986986a265a55bed25f0e.jpg,27,61,51,110
/content/valid/9751d934815b760bf40dba9bc91188d7_jpg.rf.96a71728d41986986a265a55bed25f0e.jpg,21,80,57,107
/content/valid/b2e9a426d49ef3afaf01b46672314c50_jpg.rf.63a36d04cf0c3e02a9fb0be298a9eef1.jpg,19,98,54,112
/content/valid/b2e9a426d49ef3afaf01b46672314c50_jpg.rf.63a36d04cf0c3e02a9fb0be298a9eef1.jpg,14,95,74,114
/content/valid/DM21328_1_pdf_2_jpg.rf.583a6f9f934fc1a2e2a802f9211ec997.jpg,0,33,34,49
/content/valid/DM21328_1_pdf_2_jpg.rf.583a6f9f934fc1a2e2a802f9211ec997.jpg,4,27,34,60
/content/valid/1875ebe9f91197f50834868a3bdb0558_jpg.rf.6754b01375fa45916c119c454294be40.jpg,36,0,70,14
/content/valid/1875ebe9f91197f50834868a3bdb0558_jpg.rf.6754b01375fa45916c119c454294be40.jpg,42,0,62,18
/content/valid/b179c10a5568d524041566141f514f4f_jpg.rf.aa76bb387501b4ec52285d88468bd2c4.jpg,26,15,61,28
/content/valid/b179c10a5568d524041566141f514f4f_jpg.rf.aa76bb387501b4ec52285d88468bd2c4.jpg,43,170,64,184
/content/valid/b179c10a5568d524041566141f514f4f_jpg.rf.aa76bb387501b4ec52285d88468bd2c4.jpg,18,14,77,32
/content/valid/CG21244_pdf_6_jpg.rf.80d8fb7d3e314b5aa25af47dcaa7f24c.jpg,5,12,35,26
/content/valid/CG21244_pdf_6_jpg.rf.80d8fb7d3e314b5aa25af47dcaa7f24c.jpg,9,9,40,23
/content/valid/DM21319_pdf_1_jpg.rf.8057e3f4f63dfa4c1d21b07cfa8ea703.jpg,24,46,58,59
/content/valid/DM21319_pdf_1_jpg.rf.8057e3f4f63dfa4c1d21b07cfa8ea703.jpg,15,41,77,60
/content/valid/DM21346_pdf_5_jpg.rf.74b124f602c10c2e739a35617353a722.jpg,37,276,75,290
/content/valid/DM21346_pdf_5_jpg.rf.74b124f602c10c2e739a35617353a722.jpg,62,33,89,50
/content/valid/4888a3da0488c526fef97625cec6a441_jpg.rf.702e2e4946d3ac6183605dc0139dbac2.jpg,24,233,60,247
/content/valid/a862af441de7891b0918c65a67ca4dff_jpg.rf.8ecaceecb5abe1ad7ecf2fb8bee5edd0.jpg,23,186,64,201
/content/valid/a862af441de7891b0918c65a67ca4dff_jpg.rf.8ecaceecb5abe1ad7ecf2fb8bee5edd0.jpg,18,130,63,145
/content/valid/a862af441de7891b0918c65a67ca4dff_jpg.rf.8ecaceecb5abe1ad7ecf2fb8bee5edd0.jpg,18,76,54,89
/content/valid/a862af441de7891b0918c65a67ca4dff_jpg.rf.8ecaceecb5abe1ad7ecf2fb8bee5edd0.jpg,14,271,76,288
/content/valid/a862af441de7891b0918c65a67ca4dff_jpg.rf.8ecaceecb5abe1ad7ecf2fb8bee5edd0.jpg,18,269,62,284
/content/valid/a862af441de7891b0918c65a67ca4dff_jpg.rf.8ecaceecb5abe1ad7ecf2fb8bee5edd0.jpg,19,274,56,287
/content/valid/a862af441de7891b0918c65a67ca4dff_jpg.rf.8ecaceecb5abe1ad7ecf2fb8bee5edd0.jpg,15,126,59,152
/content/valid/a862af441de7891b0918c65a67ca4dff_jpg.rf.8ecaceecb5abe1ad7ecf2fb8bee5edd0.jpg,14,262,75,281
/content/valid/a30e4ad06a53d1dc9742f4b31ca8a8d9_jpg.rf.663d69942e82595a88e29ad3286022b5.jpg,26,78,61,95
/content/valid/a30e4ad06a53d1dc9742f4b31ca8a8d9_jpg.rf.663d69942e82595a88e29ad3286022b5.jpg,36,77,55,100
/content/valid/a30e4ad06a53d1dc9742f4b31ca8a8d9_jpg.rf.663d69942e82595a88e29ad3286022b5.jpg,32,71,60,106
/content/valid/afec1ce1843b3723830fc1cbd5a7fdb4_jpg.rf.6e6b89456bac9a214210174153d968d3.jpg,8,6,40,19
/content/valid/afec1ce1843b3723830fc1cbd5a7fdb4_jpg.rf.6e6b89456bac9a214210174153d968d3.jpg,375,13,405,28
/content/valid/afec1ce1843b3723830fc1cbd5a7fdb4_jpg.rf.6e6b89456bac9a214210174153d968d3.jpg,15,5,33,25
/content/valid/98076dde9f42962c5dabae6aa50eada4_jpg.rf.8d073857dac9089b826055f3907768e9.jpg,20,309,54,326
/content/valid/98076dde9f42962c5dabae6aa50eada4_jpg.rf.8d073857dac9089b826055f3907768e9.jpg,26,306,46,328
/content/valid/b316d9db1e972658a22394c8a1e249e3_jpg.rf.b824d1d3c9f7d9e48d44d301795f5775.jpg,35,93,56,110
/content/valid/b316d9db1e972658a22394c8a1e249e3_jpg.rf.b824d1d3c9f7d9e48d44d301795f5775.jpg,36,84,56,118
/content/valid/b316d9db1e972658a22394c8a1e249e3_jpg.rf.b824d1d3c9f7d9e48d44d301795f5775.jpg,35,87,56,103
/content/valid/b316d9db1e972658a22394c8a1e249e3_jpg.rf.b824d1d3c9f7d9e48d44d301795f5775.jpg,36,98,57,115
/content/valid/808b7afc9fdda13a87eecab4ed92dd3f_jpg.rf.5e2a30b74681ffa2e7b07b495d38c464.jpg,20,19,66,37
/content/valid/808b7afc9fdda13a87eecab4ed92dd3f_jpg.rf.5e2a30b74681ffa2e7b07b495d38c464.jpg,14,18,74,45
/content/valid/b5f569273d75f287c85a2ddab98b8c5d_jpg.rf.b85a8b8c07c271ee23d61baa18f7218c.jpg,27,201,74,222
/content/valid/b5f569273d75f287c85a2ddab98b8c5d_jpg.rf.b85a8b8c07c271ee23d61baa18f7218c.jpg,34,190,65,232
/content/valid/DM21319_pdf_0_jpg.rf.8eec0be0305aa504c5473009352e06b3.jpg,25,103,56,125
/content/valid/DM21319_pdf_0_jpg.rf.8eec0be0305aa504c5473009352e06b3.jpg,25,324,57,345
/content/valid/DM21319_pdf_0_jpg.rf.8eec0be0305aa504c5473009352e06b3.jpg,35,182,57,195
/content/valid/DM21319_pdf_0_jpg.rf.8eec0be0305aa504c5473009352e06b3.jpg,27,311,56,350
/content/valid/DM21319_pdf_0_jpg.rf.8eec0be0305aa504c5473009352e06b3.jpg,14,100,69,131
/content/valid/DM21319_pdf_0_jpg.rf.8eec0be0305aa504c5473009352e06b3.jpg,27,88,55,131
/content/valid/DM21383_pdf_1_jpg.rf.826ebb16a4ec039b71171d15ad243906.jpg,24,24,73,40
/content/valid/DM21383_pdf_1_jpg.rf.826ebb16a4ec039b71171d15ad243906.jpg,20,20,61,47
/content/valid/DM21383_pdf_1_jpg.rf.826ebb16a4ec039b71171d15ad243906.jpg,14,22,90,45
/content/valid/b4b886ad3e30e7ed9d7b48657f8af150_jpg.rf.bc7edb6e597264c6dbee06eccbf5bff8.jpg,33,123,75,139
/content/valid/b4b886ad3e30e7ed9d7b48657f8af150_jpg.rf.bc7edb6e597264c6dbee06eccbf5bff8.jpg,24,120,84,149
/content/valid/5508bd91c232633a6be3981bcbfff5ad_jpg.rf.beb45ffb385eecceaf54fb0d0f51ae45.jpg,22,86,67,104
/content/valid/5508bd91c232633a6be3981bcbfff5ad_jpg.rf.beb45ffb385eecceaf54fb0d0f51ae45.jpg,24,31,71,49
/content/valid/5508bd91c232633a6be3981bcbfff5ad_jpg.rf.beb45ffb385eecceaf54fb0d0f51ae45.jpg,31,207,76,225
/content/valid/5508bd91c232633a6be3981bcbfff5ad_jpg.rf.beb45ffb385eecceaf54fb0d0f51ae45.jpg,14,80,77,108
/content/valid/c57cb535ce5483e791ed57449726dca8_jpg.rf.88483d09506041faffbc4100c49b49bd.jpg,19,97,53,113
/content/valid/c57cb535ce5483e791ed57449726dca8_jpg.rf.88483d09506041faffbc4100c49b49bd.jpg,15,362,51,380
/content/valid/c57cb535ce5483e791ed57449726dca8_jpg.rf.88483d09506041faffbc4100c49b49bd.jpg,24,95,48,121
/content/valid/c57cb535ce5483e791ed57449726dca8_jpg.rf.88483d09506041faffbc4100c49b49bd.jpg,15,98,64,121
/content/valid/c57cb535ce5483e791ed57449726dca8_jpg.rf.88483d09506041faffbc4100c49b49bd.jpg,11,363,64,386
/content/valid/c57cb535ce5483e791ed57449726dca8_jpg.rf.88483d09506041faffbc4100c49b49bd.jpg,22,359,46,387
/content/valid/a7c47748f7ab97de2f992378f73fbb75_jpg.rf.cc15ae9573ed3d6618c45e85741a1b64.jpg,0,11,29,29
/content/valid/a7c47748f7ab97de2f992378f73fbb75_jpg.rf.cc15ae9573ed3d6618c45e85741a1b64.jpg,41,98,62,114
/content/valid/a7c47748f7ab97de2f992378f73fbb75_jpg.rf.cc15ae9573ed3d6618c45e85741a1b64.jpg,6,13,45,28
/content/valid/a7c47748f7ab97de2f992378f73fbb75_jpg.rf.cc15ae9573ed3d6618c45e85741a1b64.jpg,0,15,23,34
/content/valid/a7c47748f7ab97de2f992378f73fbb75_jpg.rf.cc15ae9573ed3d6618c45e85741a1b64.jpg,0,3,27,25
/content/valid/780d41d5917dadc36ab1a6fb2a22eee1_jpg.rf.cfd80c201565a2707eac2c64ca65c062.jpg,26,289,103,309
/content/valid/780d41d5917dadc36ab1a6fb2a22eee1_jpg.rf.cfd80c201565a2707eac2c64ca65c062.jpg,26,293,74,309
/content/valid/780d41d5917dadc36ab1a6fb2a22eee1_jpg.rf.cfd80c201565a2707eac2c64ca65c062.jpg,44,278,75,321
/content/valid/780d41d5917dadc36ab1a6fb2a22eee1_jpg.rf.cfd80c201565a2707eac2c64ca65c062.jpg,22,294,90,316
/content/valid/1706f268a753acc7c8d6b2498f72af78_jpg.rf.de09741dc548052e0d9d190d9413a4f7.jpg,19,154,40,168
/content/valid/761c6d14f8ad7ccbfa3c97bd5cc6a91e_jpg.rf.e02a624223f26a724fbd4bcd3db1e70e.jpg,33,48,58,66
/content/valid/761c6d14f8ad7ccbfa3c97bd5cc6a91e_jpg.rf.e02a624223f26a724fbd4bcd3db1e70e.jpg,29,301,56,318
/content/valid/761c6d14f8ad7ccbfa3c97bd5cc6a91e_jpg.rf.e02a624223f26a724fbd4bcd3db1e70e.jpg,25,2,59,18
/content/valid/761c6d14f8ad7ccbfa3c97bd5cc6a91e_jpg.rf.e02a624223f26a724fbd4bcd3db1e70e.jpg,29,172,52,195
/content/valid/761c6d14f8ad7ccbfa3c97bd5cc6a91e_jpg.rf.e02a624223f26a724fbd4bcd3db1e70e.jpg,26,165,49,202
/content/valid/761c6d14f8ad7ccbfa3c97bd5cc6a91e_jpg.rf.e02a624223f26a724fbd4bcd3db1e70e.jpg,36,33,58,73
/content/valid/DM21338_pdf_3_jpg.rf.8fdd0062343c9dd324f389644eb13b38.jpg,34,9,63,34
/content/valid/c41aff6fe14f909792373af71b553c7b_jpg.rf.99df48c2eed77fec90b1dfcfe384e6a1.jpg,18,7,63,24
/content/valid/c41aff6fe14f909792373af71b553c7b_jpg.rf.99df48c2eed77fec90b1dfcfe384e6a1.jpg,9,4,70,30
/content/valid/647592d2de1124cc20d19f90802c1941_jpg.rf.e3675911b6c65a6914d5dd013eb0331e.jpg,9,9,39,32
/content/valid/647592d2de1124cc20d19f90802c1941_jpg.rf.e3675911b6c65a6914d5dd013eb0331e.jpg,7,58,35,77
/content/valid/647592d2de1124cc20d19f90802c1941_jpg.rf.e3675911b6c65a6914d5dd013eb0331e.jpg,12,0,37,43
/content/valid/647592d2de1124cc20d19f90802c1941_jpg.rf.e3675911b6c65a6914d5dd013eb0331e.jpg,11,46,34,88
/content/valid/647592d2de1124cc20d19f90802c1941_jpg.rf.e3675911b6c65a6914d5dd013eb0331e.jpg,4,14,51,38
/content/valid/647592d2de1124cc20d19f90802c1941_jpg.rf.e3675911b6c65a6914d5dd013eb0331e.jpg,10,53,36,71
/content/valid/DM21340_pdf_3_jpg.rf.9c93e4b9c20ea4319d2ba7bf786082cc.jpg,32,19,69,39
/content/valid/DM21340_pdf_3_jpg.rf.9c93e4b9c20ea4319d2ba7bf786082cc.jpg,41,12,69,46
/content/valid/DM21340_pdf_3_jpg.rf.9c93e4b9c20ea4319d2ba7bf786082cc.jpg,23,16,80,44
/content/valid/918cf35be446596d7e07c647b15827c8_jpg.rf.a3a7356b6815a574ca55ae8e21aa46b3.jpg,58,0,105,16
/content/valid/bdb22c209c2643673c5e854c3258a1a6_jpg.rf.9ac9ce1b050eae47c3a3ce7b9bb46719.jpg,60,144,97,161
/content/valid/bdb22c209c2643673c5e854c3258a1a6_jpg.rf.9ac9ce1b050eae47c3a3ce7b9bb46719.jpg,54,14,83,27
/content/valid/ac29f196f88cc055627e722aa5c1fe36_jpg.rf.e5c16932d8a3d15c491cef954012c9de.jpg,25,276,86,296
/content/valid/ac29f196f88cc055627e722aa5c1fe36_jpg.rf.e5c16932d8a3d15c491cef954012c9de.jpg,25,272,66,303
/content/valid/ac29f196f88cc055627e722aa5c1fe36_jpg.rf.e5c16932d8a3d15c491cef954012c9de.jpg,42,264,73,309
/content/valid/ac29f196f88cc055627e722aa5c1fe36_jpg.rf.e5c16932d8a3d15c491cef954012c9de.jpg,46,277,81,294
/content/valid/DM21383_pdf_5_jpg.rf.ae990ef60fcaccc29f7abedb116f88a9.jpg,17,169,69,188
/content/valid/DM21383_pdf_5_jpg.rf.ae990ef60fcaccc29f7abedb116f88a9.jpg,28,49,58,63
/content/valid/DM21383_pdf_5_jpg.rf.ae990ef60fcaccc29f7abedb116f88a9.jpg,32,45,62,58
/content/valid/DM21383_pdf_5_jpg.rf.ae990ef60fcaccc29f7abedb116f88a9.jpg,39,35,67,47
/content/valid/DM21383_pdf_5_jpg.rf.ae990ef60fcaccc29f7abedb116f88a9.jpg,12,165,57,195
/content/valid/DM21383_pdf_5_jpg.rf.ae990ef60fcaccc29f7abedb116f88a9.jpg,38,39,66,52
/content/valid/DM21331_pdf_4_jpg.rf.afcea460fd77a9fdafc8e5a6f21e61f5.jpg,16,190,42,204
/content/valid/DM21333_pdf_0_jpg.rf.b98c0bb303ceb665fbbdf22550764963.jpg,47,91,82,113
/content/valid/DM21333_pdf_0_jpg.rf.b98c0bb303ceb665fbbdf22550764963.jpg,39,330,75,346
/content/valid/DM21333_pdf_0_jpg.rf.b98c0bb303ceb665fbbdf22550764963.jpg,37,89,90,120
/content/valid/DM21333_pdf_0_jpg.rf.b98c0bb303ceb665fbbdf22550764963.jpg,54,79,80,124
/content/valid/9787bd452ce618a0aa12ca95adcac7c5_jpg.rf.eb1410fff4baa89bda038059f7f1c7d4.jpg,27,10,59,27
/content/valid/9787bd452ce618a0aa12ca95adcac7c5_jpg.rf.eb1410fff4baa89bda038059f7f1c7d4.jpg,32,11,52,31
/content/valid/9787bd452ce618a0aa12ca95adcac7c5_jpg.rf.eb1410fff4baa89bda038059f7f1c7d4.jpg,20,7,73,30
/content/valid/9787bd452ce618a0aa12ca95adcac7c5_jpg.rf.eb1410fff4baa89bda038059f7f1c7d4.jpg,29,6,57,39
/content/valid/2923eae3cce17f57ab70a0a545c82432_jpg.rf.f5e21f8ef60467d3c087090f8ff43528.jpg,21,8,71,26
/content/valid/90311178a857a93aa01f0f283991548a_jpg.rf.b0ff9fd5f5312c3a934189fd040e57ce.jpg,41,37,63,51
/content/valid/DM21380_pdf_3_jpg.rf.bb4f63ca8765ef1dafe56202c7395dff.jpg,13,28,48,52
/content/valid/DM21380_pdf_3_jpg.rf.bb4f63ca8765ef1dafe56202c7395dff.jpg,16,170,49,187
/content/valid/DM21380_pdf_3_jpg.rf.bb4f63ca8765ef1dafe56202c7395dff.jpg,11,170,62,193
/content/valid/DM21380_pdf_3_jpg.rf.bb4f63ca8765ef1dafe56202c7395dff.jpg,17,13,45,59
/content/valid/DM21380_pdf_3_jpg.rf.bb4f63ca8765ef1dafe56202c7395dff.jpg,25,168,44,191
/content/valid/DM21380_pdf_3_jpg.rf.bb4f63ca8765ef1dafe56202c7395dff.jpg,1,24,58,57
/content/valid/CG21228_pdf_0_jpg.rf.aaf4b0946140af7802fd29a407b2ae9d.jpg,14,79,41,90
/content/valid/CG21228_pdf_0_jpg.rf.aaf4b0946140af7802fd29a407b2ae9d.jpg,17,82,45,95
/content/valid/CG21228_pdf_0_jpg.rf.aaf4b0946140af7802fd29a407b2ae9d.jpg,21,74,37,96
/content/valid/0916aa51b295a617fa10cbc18b6c444e_jpg.rf.a60bdd35ef8d077f32d56683436dc67f.jpg,55,181,81,197
/content/valid/b561eb103d085e7ed1e44de1a2c010bf_jpg.rf.c1c5024252189104951b34b7ffc5a177.jpg,21,19,59,32
/content/valid/b561eb103d085e7ed1e44de1a2c010bf_jpg.rf.c1c5024252189104951b34b7ffc5a177.jpg,16,15,78,35
/content/valid/b561eb103d085e7ed1e44de1a2c010bf_jpg.rf.c1c5024252189104951b34b7ffc5a177.jpg,29,21,70,35
/content/valid/b561eb103d085e7ed1e44de1a2c010bf_jpg.rf.c1c5024252189104951b34b7ffc5a177.jpg,15,17,42,33
/content/valid/DM21379_pdf_0_jpg.rf.a4586ec52c925ab2ac05a482ac92b227.jpg,44,93,74,115
/content/valid/DM21379_pdf_0_jpg.rf.a4586ec52c925ab2ac05a482ac92b227.jpg,34,93,89,116
/content/valid/DM21379_pdf_0_jpg.rf.a4586ec52c925ab2ac05a482ac92b227.jpg,22,95,86,126
/content/valid/DM21379_pdf_0_jpg.rf.a4586ec52c925ab2ac05a482ac92b227.jpg,53,86,77,118
/content/valid/DM21379_pdf_0_jpg.rf.a4586ec52c925ab2ac05a482ac92b227.jpg,42,81,70,123
/content/valid/9406657aa34b2bb395095fcfcd66397f_jpg.rf.e1b74f512b9c5b1b191a7ae6f3abd1a7.jpg,19,251,56,274
/content/valid/9406657aa34b2bb395095fcfcd66397f_jpg.rf.e1b74f512b9c5b1b191a7ae6f3abd1a7.jpg,13,4,58,18
/content/valid/9406657aa34b2bb395095fcfcd66397f_jpg.rf.e1b74f512b9c5b1b191a7ae6f3abd1a7.jpg,26,241,54,282
/content/valid/9406657aa34b2bb395095fcfcd66397f_jpg.rf.e1b74f512b9c5b1b191a7ae6f3abd1a7.jpg,11,253,72,280
/content/valid/CG21231_pdf_0_jpg.rf.9eea185528116c2d2cf004d155a8e979.jpg,9,93,44,107
/content/valid/CG21231_pdf_0_jpg.rf.9eea185528116c2d2cf004d155a8e979.jpg,37,290,64,303
/content/valid/CG21231_pdf_0_jpg.rf.9eea185528116c2d2cf004d155a8e979.jpg,5,92,31,109
/content/valid/CG21231_pdf_0_jpg.rf.9eea185528116c2d2cf004d155a8e979.jpg,16,89,34,112
/content/valid/CG21231_pdf_0_jpg.rf.9eea185528116c2d2cf004d155a8e979.jpg,35,287,60,300
/content/valid/CG21248_pdf_5_jpg.rf.ce41f5dc1d3d6708b8cbdc308ed6340f.jpg,30,285,70,300
/content/valid/CG21248_pdf_5_jpg.rf.ce41f5dc1d3d6708b8cbdc308ed6340f.jpg,25,282,84,303
/content/valid/CG21232_pdf_1_jpg.rf.e00a1fbb4f539cfe24ef920c14bb736e.jpg,14,38,53,58
/content/valid/CG21232_pdf_1_jpg.rf.e00a1fbb4f539cfe24ef920c14bb736e.jpg,9,36,63,66
/content/valid/CG21232_pdf_1_jpg.rf.e00a1fbb4f539cfe24ef920c14bb736e.jpg,37,153,57,167
/content/valid/CG21232_pdf_1_jpg.rf.e00a1fbb4f539cfe24ef920c14bb736e.jpg,22,30,52,73
/content/valid/DM21347_pdf_5_jpg.rf.b1f485dc3bec734f55c3ea09e11bffe9.jpg,21,180,80,198
/content/valid/DM21347_pdf_5_jpg.rf.b1f485dc3bec734f55c3ea09e11bffe9.jpg,27,184,96,207
/content/valid/DM21347_pdf_5_jpg.rf.b1f485dc3bec734f55c3ea09e11bffe9.jpg,33,171,65,213
/content/valid/DM21347_pdf_5_jpg.rf.b1f485dc3bec734f55c3ea09e11bffe9.jpg,15,173,71,206
/content/valid/DM21347_pdf_5_jpg.rf.b1f485dc3bec734f55c3ea09e11bffe9.jpg,36,177,100,199
/content/valid/4509ca9c8064aff15c35e06f65687aca_jpg.rf.e022a9a9cc29ac5cde41a70d0d425f45.jpg,35,130,59,148
/content/valid/4509ca9c8064aff15c35e06f65687aca_jpg.rf.e022a9a9cc29ac5cde41a70d0d425f45.jpg,44,69,70,84
/content/valid/DM21385_pdf_4_jpg.rf.f8e6c95193842390083b8236a2d3611a.jpg,35,30,73,47
/content/valid/DM21385_pdf_4_jpg.rf.f8e6c95193842390083b8236a2d3611a.jpg,30,32,84,55
/content/valid/ba3367671fd03ed16e06379a1045d9a2_jpg.rf.eccfbc4ecfda8760fbe7c8d7d680eda3.jpg,17,134,44,159
/content/valid/ba3367671fd03ed16e06379a1045d9a2_jpg.rf.eccfbc4ecfda8760fbe7c8d7d680eda3.jpg,16,20,60,36
/content/valid/ba3367671fd03ed16e06379a1045d9a2_jpg.rf.eccfbc4ecfda8760fbe7c8d7d680eda3.jpg,8,75,49,90
/content/valid/ba3367671fd03ed16e06379a1045d9a2_jpg.rf.eccfbc4ecfda8760fbe7c8d7d680eda3.jpg,12,21,73,42
/content/valid/ba3367671fd03ed16e06379a1045d9a2_jpg.rf.eccfbc4ecfda8760fbe7c8d7d680eda3.jpg,3,71,61,93
/content/valid/ba3367671fd03ed16e06379a1045d9a2_jpg.rf.eccfbc4ecfda8760fbe7c8d7d680eda3.jpg,6,129,51,156
/content/valid/ba3367671fd03ed16e06379a1045d9a2_jpg.rf.eccfbc4ecfda8760fbe7c8d7d680eda3.jpg,33,8,60,54
/content/valid/ba3367671fd03ed16e06379a1045d9a2_jpg.rf.eccfbc4ecfda8760fbe7c8d7d680eda3.jpg,22,12,53,53
/content/valid/ba3367671fd03ed16e06379a1045d9a2_jpg.rf.eccfbc4ecfda8760fbe7c8d7d680eda3.jpg,13,125,43,168
/content/valid/b40e2e885f2375cb0aaa185d5368067e_jpg.rf.e0ad66e4f85d1e7cee5c35f2fd849c71.jpg,4,111,35,130
/content/valid/b40e2e885f2375cb0aaa185d5368067e_jpg.rf.e0ad66e4f85d1e7cee5c35f2fd849c71.jpg,0,111,46,137
/content/valid/b40e2e885f2375cb0aaa185d5368067e_jpg.rf.e0ad66e4f85d1e7cee5c35f2fd849c71.jpg,6,99,33,139
/content/valid/DM21356_pdf_3_jpg.rf.e247de681698003a00853ca5e1cc1572.jpg,19,25,64,42
/content/valid/DM21356_pdf_3_jpg.rf.e247de681698003a00853ca5e1cc1572.jpg,3,21,70,46
/content/valid/DM21356_pdf_3_jpg.rf.e247de681698003a00853ca5e1cc1572.jpg,5,23,52,41
/content/valid/8504c0f41ce4e7988e3d9c556b70f25a_jpg.rf.e7a8eaf3e0985ae830c3b9053a4dda5e.jpg,73,147,107,162
/content/valid/8504c0f41ce4e7988e3d9c556b70f25a_jpg.rf.e7a8eaf3e0985ae830c3b9053a4dda5e.jpg,71,146,127,164
/content/valid/6572d36963a3744aeb14cf744bd99a37_jpg.rf.be14de9ef47801b8d25873d24b9314d5.jpg,16,84,51,101
/content/valid/6572d36963a3744aeb14cf744bd99a37_jpg.rf.be14de9ef47801b8d25873d24b9314d5.jpg,9,348,48,365
/content/valid/6572d36963a3744aeb14cf744bd99a37_jpg.rf.be14de9ef47801b8d25873d24b9314d5.jpg,26,186,51,201
/content/valid/6572d36963a3744aeb14cf744bd99a37_jpg.rf.be14de9ef47801b8d25873d24b9314d5.jpg,19,283,51,298
/content/valid/6572d36963a3744aeb14cf744bd99a37_jpg.rf.be14de9ef47801b8d25873d24b9314d5.jpg,26,141,52,156
/content/valid/6572d36963a3744aeb14cf744bd99a37_jpg.rf.be14de9ef47801b8d25873d24b9314d5.jpg,9,82,61,104
/content/valid/6572d36963a3744aeb14cf744bd99a37_jpg.rf.be14de9ef47801b8d25873d24b9314d5.jpg,12,281,67,303
/content/valid/6572d36963a3744aeb14cf744bd99a37_jpg.rf.be14de9ef47801b8d25873d24b9314d5.jpg,0,345,57,369
/content/valid/6572d36963a3744aeb14cf744bd99a37_jpg.rf.be14de9ef47801b8d25873d24b9314d5.jpg,25,82,44,104
/content/valid/6572d36963a3744aeb14cf744bd99a37_jpg.rf.be14de9ef47801b8d25873d24b9314d5.jpg,30,137,51,152
/content/valid/DM21380_pdf_2_jpg.rf.e3e27e42c200151aefffd083edf95d9f.jpg,25,285,53,301
/content/valid/DM21380_pdf_2_jpg.rf.e3e27e42c200151aefffd083edf95d9f.jpg,31,282,49,305
/content/valid/2661d4a0d6b745931887e96a4589b9b3_jpg.rf.f91e596b6931ccf8b6c1899cc9e148aa.jpg,27,17,57,32
/content/valid/2661d4a0d6b745931887e96a4589b9b3_jpg.rf.f91e596b6931ccf8b6c1899cc9e148aa.jpg,33,14,50,35
/content/valid/DM21376_pdf_4_jpg.rf.fc0b730f4d2bad5f5adc83d93e85bea5.jpg,44,15,99,39
/content/valid/DM21376_pdf_4_jpg.rf.fc0b730f4d2bad5f5adc83d93e85bea5.jpg,53,20,89,37
/content/valid/753a2ab00dd3565d64e384dd1dbe1317_jpg.rf.8aafb4d10c5c4e1f51c14432e465c485.jpg,33,114,71,127
/content/valid/390778cc5b553286ffe891c60b86a434_jpg.rf.f8eed0587424934e64d44f7e63581f8b.jpg,79,7,110,31
/content/valid/DM21331_pdf_5_jpg.rf.ea78c53a216b5425f7b1e72cb3c1d59f.jpg,34,21,66,36
/content/valid/DM21331_pdf_5_jpg.rf.ea78c53a216b5425f7b1e72cb3c1d59f.jpg,29,223,60,236
/content/valid/DM21331_pdf_5_jpg.rf.ea78c53a216b5425f7b1e72cb3c1d59f.jpg,24,17,75,38
/content/valid/DM21331_pdf_5_jpg.rf.ea78c53a216b5425f7b1e72cb3c1d59f.jpg,42,18,60,41
/content/valid/2429db8119aae878e12e26b84f610b47_jpg.rf.6a1af1feed31391bf81447a14a9a0b1f.jpg,57,78,83,92
/content/valid/2429db8119aae878e12e26b84f610b47_jpg.rf.6a1af1feed31391bf81447a14a9a0b1f.jpg,54,109,79,123
/content/valid/bcda7a4429ee165f708b7447e540c008_jpg.rf.3f0887d56701ff4bb4bdf1c9de4825b1.jpg,34,269,68,294
/content/valid/DM21319_pdf_3_jpg.rf.3700cf93cf14a853b291e3e3fd42985f.jpg,46,28,70,43
/content/valid/DM21319_pdf_3_jpg.rf.3700cf93cf14a853b291e3e3fd42985f.jpg,40,281,65,293
/content/valid/DM21319_pdf_3_jpg.rf.3700cf93cf14a853b291e3e3fd42985f.jpg,28,366,56,380
/content/valid/DM21319_pdf_3_jpg.rf.3700cf93cf14a853b291e3e3fd42985f.jpg,46,188,67,200
/content/valid/831e6a0e0f552f61b696b88d0d26f53c_jpg.rf.99dea346e1abdc0d5bfb72c63b2b226d.jpg,17,262,39,278
/content/valid/831e6a0e0f552f61b696b88d0d26f53c_jpg.rf.99dea346e1abdc0d5bfb72c63b2b226d.jpg,21,171,45,186
/content/valid/5581c46a81890d4b126fb236b2497649_jpg.rf.529b81ad1277b24780915259a847c9cc.jpg,70,239,97,256
